-3.710048740067527273e+00,1.880549252744033950e+00,1.207980902970162695e-02,0.000000000000000000e+00
-4.305149769784689440e+00,-1.896057085869407022e+00,-4.980629607923492408e-02,0.000000000000000000e+00
-3.130100727396081250e+00,-1.758521676342419404e-01,-4.073066380794438945e-01,0.000000000000000000e+00
-4.688508484779369212e+00,3.034967252367746227e-01,6.536885970722885464e-01,0.000000000000000000e+00
-4.366529053330161503e+00,7.719440339727317024e-01,-8.117469503289902466e-01,0.000000000000000000e+00
-3.708946202851507223e+00,-9.178344798760673662e-01,7.858516920479421408e-01,0.000000000000000000e+00
-4.775418697194783846e+00,-6.462457063798323631e-01,-5.217432443121101660e-01,0.000000000000000000e+00
-3.392586447970749486e+00,7.336554136248953917e-01,6.076548873093643444e-01,0.000000000000000000e+00
-4.703621755545245975e+00,1.307635344986981529e+00,1.183826890576789026e-01,0.000000000000000000e+00
-3.640513031792084853e+00,-1.086126445824856734e+00,-7.419665523205478674e-01,0.000000000000000000e+00
-3.255764076038811794e+00,8.967862988144612579e-01,-4.941643239063406856e-01,0.000000000000000000e+00
-4.651698819692979825e+00,-1.073599566201201227e+00,4.228142459285777477e-01,0.000000000000000000e+00
-3.464345350421721648e+00,-1.646404440389797497e+00,1.671670812995873501e-01,0.000000000000000000e+00
-3.916280229563753323e+00,-2.914135245409901209e-01,-9.790265747417741249e-01,0.000000000000000000e+00
-3.747605576207925893e+00,4.070362683086026223e-02,9.667954650720038678e-01,0.000000000000000000e+00
-4.094993870723742546e+00,1.480862320372799523e+00,6.282031313197276035e-01,0.000000000000000000e+00
-3.180536211629635179e+00,-4.578164775091155825e-01,3.965626054085760188e-01,0.000000000000000000e+00
-4.221085166458314220e+00,1.564481422936553123e+00,-5.098195175873352358e-01,0.000000000000000000e+00
-4.415439337585327806e+00,-3.888153266387806006e-01,8.698494030772718766e-01,0.000000000000000000e+00
-4.900196712131191568e+00,5.989758481979516880e-01,-3.048490665176009085e-01,0.000000000000000000e+00
-4.890424545331918615e+00,-3.070362706649536477e-01,1.273659443314130169e-01,0.000000000000000000e+00
-3.074554667656490103e+00,3.531815262587696402e-01,9.622506636594851948e-02,0.000000000000000000e+00
-3.652128055851136867e+00,3.489756987185463899e-01,-8.437875738134830161e-01,0.000000000000000000e+00
-4.067934004494567546e+00,6.285265060970237627e-01,8.821227120158565693e-01,0.000000000000000000e+00
-4.224022120828417215e+00,-1.509968829420530234e+00,-5.910658666857671051e-01,0.000000000000000000e+00
-3.147251430889728141e+00,-8.099199432777002272e-01,-1.961714302239039309e-01,0.000000000000000000e+00
-3.408731828545669362e+00,1.368593490250996414e+00,4.257946555547635903e-01,0.000000000000000000e+00
-4.028609349359959957e+00,-1.453451457576261152e+00,6.284531528671510880e-01,0.000000000000000000e+00
-4.472061169031792183e+00,1.463602485341524151e-01,-8.299183980789139881e-01,0.000000000000000000e+00
-4.275325637090895192e+00,-7.624587226329322398e-01,-8.670212447256147037e-01,0.000000000000000000e+00
-4.323464724457237729e+00,1.858356518583358596e+00,-2.332240911426808339e-03,0.000000000000000000e+00
-4.500448096229565209e+00,1.051986854279951089e+00,6.529020023054783461e-01,0.000000000000000000e+00
-3.635441361201076749e+00,-1.632147437331491702e+00,-3.892519219534926744e-01,0.000000000000000000e+00
-4.690208895286749780e+00,-1.160869919621585034e+00,-2.754593100079236745e-01,0.000000000000000000e+00
-3.698426315636387240e+00,1.359160718102480736e+00,-5.778815866162227977e-01,0.000000000000000000e+00
-4.842067957896190933e+00,6.630416939596952552e-01,2.398161847432151994e-01,0.000000000000000000e+00
-3.392498985394479583e+00,-1.144429995745663398e+00,4.462495554856744651e-01,0.000000000000000000e+00
-3.317302035378574487e+00,1.189001706901058775e+00,-4.939664863351889146e-02,0.000000000000000000e+00
-4.560974774310819768e+00,-1.495879021794204178e+00,1.302624995167509514e-01,0.000000000000000000e+00
-4.527713753906200900e+00,1.174386411764341442e+00,-4.441697998018585558e-01,0.000000000000000000e+00
-4.321076337566326586e+00,-9.302794069449120684e-01,7.517811330403183501e-01,0.000000000000000000e+00
-3.809222574897183300e+00,1.132241229555514650e+00,7.934783616409277762e-01,0.000000000000000000e+00
-3.881902446034350085e+00,-1.870300597185087010e+00,1.715266183809542877e-01,0.000000000000000000e+00
-3.790942260098351113e+00,7.997337761893246189e-01,-8.843009516796336289e-01,0.000000000000000000e+00
-3.349749767080508533e+00,-1.228009696393793426e+00,-1.852832350706681286e-01,0.000000000000000000e+00
-4.738890087253302852e+00,-1.843712770026297854e-01,-5.548639093695606483e-01,0.000000000000000000e+00
-3.735995200968441843e+00,-3.916897187635774991e-01,8.382179059075463012e-01,0.000000000000000000e+00
-4.969333616887784189e+00,2.923468993043107922e-01,1.813303188222459283e-02,0.000000000000000000e+00
-4.068555580334111355e+00,1.149371522528180645e+00,-7.253119283628517433e-01,0.000000000000000000e+00
-4.821895343411832791e+00,-7.465225150236820539e-01,7.243503027570774577e-02,0.000000000000000000e+00
-3.367535920431907304e+00,3.048916588530805605e-01,7.058141956114378779e-01,0.000000000000000000e+00
-3.367021990766118300e+00,-4.841265810905861500e-01,-5.974323016449596402e-01,0.000000000000000000e+00
-4.270621437125099007e+00,-1.696507595500061250e+00,3.703719061781407529e-01,0.000000000000000000e+00
-4.000282366330941919e+00,1.412030679770186481e-01,-9.493331494916470437e-01,0.000000000000000000e+00
-4.035147568006712149e+00,-1.827836842095821535e+00,-3.588584805746088957e-01,0.000000000000000000e+00
-3.189175124573573328e+00,8.132034069393418996e-01,7.084143524197972219e-02,0.000000000000000000e+00
-3.816115984374543579e+00,1.714627025558095763e+00,4.344732400606914346e-01,0.000000000000000000e+00
-4.413237999052142868e+00,1.494835555714155717e+00,3.421910942951960077e-01,0.000000000000000000e+00
-3.443772551738477627e+00,-6.441001505633541235e-01,6.319365594170511802e-01,0.000000000000000000e+00
-4.483339267237933079e+00,-4.367929799273406744e-01,-7.826612784152586766e-01,0.000000000000000000e+00
-3.540625899659387343e+00,1.629134592448237218e+00,-3.426534240611762705e-01,0.000000000000000000e+00
-3.108585343214010699e+00,1.873084823737842797e-01,-2.676343773609970444e-01,0.000000000000000000e+00
-3.347650189181005764e+00,-4.254731032585468142e-02,-6.990635453067863825e-01,0.000000000000000000e+00
-3.672223801673346610e+00,-1.501596253102619016e+00,4.578865204074797912e-01,0.000000000000000000e+00
-4.900371651100890347e+00,-7.061488196818554997e-02,-1.723022212809881548e-01,0.000000000000000000e+00
-4.614373732724136090e+00,8.077304368149227365e-01,-5.248751017753843229e-01,0.000000000000000000e+00
-4.661494990289591023e+00,-4.329121257103962783e-01,5.871898769037022792e-01,0.000000000000000000e+00
-3.694562988875090159e+00,6.061876250306865721e-01,8.475744159055271787e-01,0.000000000000000000e+00
-3.079915698301665117e+00,-4.575889496497946851e-01,4.143476980035498691e-02,0.000000000000000000e+00
-4.420361768542302450e+00,-1.374302217186118558e+00,4.572340522723092882e-01,0.000000000000000000e+00
-3.486205650120890454e+00,6.903231120999282489e-01,-6.862579708318894411e-01,0.000000000000000000e+00
-4.260031139979250980e+00,-1.091948853398013952e+00,-7.139616803563970659e-01,0.000000000000000000e+00
-4.143160607341320301e+00,-1.771201131648418858e-01,9.498422737459455423e-01,0.000000000000000000e+00
-4.547367388120737708e+00,1.637105253070955779e+00,-1.633378761298389659e-01,0.000000000000000000e+00
-4.509992099087385853e+00,3.206152840647558122e-02,7.855481257929692873e-01,0.000000000000000000e+00
-4.748911050580081117e+00,-1.206127658227604815e+00,8.082982364540391984e-02,0.000000000000000000e+00
-4.864373479334803463e+00,8.477204306949941426e-01,-5.514717887733899815e-02,0.000000000000000000e+00
-3.096738665176801852e+00,6.323647146821098630e-03,2.533939483398661707e-02,0.000000000000000000e+00
-4.705390089213551619e+00,8.142949249110711385e-01,5.329563900840903479e-01,0.000000000000000000e+00
-3.495740771649074041e+00,-1.343167779994124622e+00,-4.725793483324451927e-01,0.000000000000000000e+00
-4.436650105832098845e+00,7.636515318482990367e-01,8.017638230079153772e-01,0.000000000000000000e+00
-4.317056708725893088e+00,4.117861769683774931e-01,8.688712875992490314e-01,0.000000000000000000e+00
-3.428677297795724943e+00,-9.633149823060627170e-03,7.759068218219706825e-01,0.000000000000000000e+00
-3.979566046879277064e+00,-8.958947693246415156e-01,-8.569963968127891629e-01,0.000000000000000000e+00
-3.792567557458636607e+00,-1.809702647435268652e+00,-1.440113702169134591e-01,0.000000000000000000e+00
-4.000903257345291841e+00,-7.886243830227157581e-01,8.382638140535614291e-01,0.000000000000000000e+00
-3.768498248777131465e+00,-5.644860263663047384e-01,-8.951903758667025812e-01,0.000000000000000000e+00
-4.050339720767949458e+00,-4.805564030641766848e-01,9.111559817075842727e-01,0.000000000000000000e+00
-4.021604689190706239e+00,1.910096959481477619e-01,9.025322012563778973e-01,0.000000000000000000e+00
-3.091642231864458523e+00,2.480285572513669656e-01,3.968385208474924930e-01,0.000000000000000000e+00
-4.895025287236535405e+00,-4.702982659334860038e-01,-2.859275175130411295e-01,0.000000000000000000e+00
-3.362671817703551724e+00,2.671507711554941267e-01,-6.798426864977793471e-01,0.000000000000000000e+00
-3.730976069853594979e+00,-6.793408403933121065e-02,-8.719008979460527442e-01,0.000000000000000000e+00
-4.189880141984779094e+00,-1.220113005433875131e+00,7.410463950217072160e-01,0.000000000000000000e+00
-4.549895063490790648e+00,-7.047906442809019900e-01,6.619376138960599842e-01,0.000000000000000000e+00
-4.743184654904598396e+00,1.107544630205025360e+00,-2.439601170494987148e-01,0.000000000000000000e+00
-3.464914185259477808e+00,-1.571655445011017616e+00,-1.492213128953896462e-01,0.000000000000000000e+00
-3.642941268624136253e+00,1.620572284083497738e+00,2.078648421231286125e-01,0.000000000000000000e+00
-3.154510261820375305e+00,9.515038737202332619e-01,-1.934457578137831479e-01,0.000000000000000000e+00
-3.466532560949130648e+00,1.102886667881894933e+00,-5.249044977704035997e-01,0.000000000000000000e+00
9.453966084937981407e-03,-5.681326963579369504e+00,1.052455989479437193e-01,1.000000000000000000e+00
-5.491023476590024543e-01,7.809897442368603393e+00,-5.761709364155480628e-01,1.000000000000000000e+00
1.713180735006430311e+00,1.390611982886849063e+00,3.536667976790250911e+00,1.000000000000000000e+00
-2.626227312349515230e+00,7.535179620376801779e-01,-2.930915133491660107e+00,1.000000000000000000e+00
3.429297519638178748e+00,2.185056091310279669e+00,-1.732014705188928083e+00,1.000000000000000000e+00
-2.414915992746205831e+00,-1.593993941757670285e+00,2.476372387060243874e+00,1.000000000000000000e+00
-2.995473560816250824e+00,3.436971518690699057e+00,1.498903800387520135e+00,1.000000000000000000e+00
1.602568901080295483e+00,-2.217214658329123012e+00,-3.038909314342136625e+00,1.000000000000000000e+00
3.351888521729923021e+00,-2.777032541921448328e+00,1.468579218226700789e+00,1.000000000000000000e+00
2.618902741683452717e+00,5.213402960240985706e+00,1.418018392448098908e+00,1.000000000000000000e+00
-4.369077034488739741e-01,4.350295557018702297e+00,-3.005771571351871785e+00,1.000000000000000000e+00
-3.320754685815585638e+00,-3.661495326474765832e+00,-1.259375170396822341e+00,1.000000000000000000e+00
2.081125646518700023e-01,2.936453064574816807e+00,6.792660400295096323e-01,1.000000000000000000e+00
9.806534674490103853e-01,-4.395214963769818795e+00,3.167279276120414266e+00,1.000000000000000000e+00
2.593285704847863471e+00,-4.893785272991522106e+00,-1.556221232647319930e+00,1.000000000000000000e+00
-2.440668007748852730e+00,-4.744460110690463139e+00,1.841506395041798250e+00,1.000000000000000000e+00
8.493780154919194914e-01,1.481013047660699300e+00,-3.343976406399982615e+00,1.000000000000000000e+00
-6.359983291040887110e-01,4.574811892135716818e+00,3.155382094322265907e+00,1.000000000000000000e+00
-1.097940210319459098e+00,-1.528719853249086214e+00,-1.448933217296404230e+00,1.000000000000000000e+00
-3.162649101672375451e+00,3.048620979333254155e-01,1.778621965332876087e-01,1.000000000000000000e+00
-1.337347054549450576e+00,1.188467424719194199e+00,3.448472725781964954e+00,1.000000000000000000e+00
1.170499006471946934e+00,-6.954913312449324536e-01,1.131759823960011069e+00,1.000000000000000000e+00
3.165054318053903692e+00,2.362485894620732552e+00,1.275230669316206544e+00,1.000000000000000000e+00
-1.700861113842115913e+00,5.177914862795812923e+00,-3.592846591469704975e-01,1.000000000000000000e+00
-4.581535013172466364e-01,-4.155171081378194131e+00,-2.311645789648563820e+00,1.000000000000000000e+00
1.175860767550930497e+00,5.471125294458413890e+00,-1.034972950290957705e+00,1.000000000000000000e+00
3.929865955423186286e+00,-5.333979456313464595e-01,2.843832377823041213e-03,1.000000000000000000e+00
2.533868103456067722e+00,-5.674485337033878807e+00,1.160837017267735582e+00,1.000000000000000000e+00
-5.527161382661667233e-01,-3.059378387686896517e+00,9.924964614912186178e-01,1.000000000000000000e+00
9.254785452729930029e-02,-1.849212135313381467e+00,3.301461914625988925e+00,1.000000000000000000e+00
-2.411745994746945065e+00,2.540555010173809691e+00,-9.304502418427134103e-01,1.000000000000000000e+00
4.300721868035237705e-01,6.554148853578951162e+00,1.865481965028297218e+00,1.000000000000000000e+00
1.294319277836372351e+00,1.088710709559277845e+00,-8.332000469901608142e-01,1.000000000000000000e+00
2.026314801851586189e+00,-2.560166264153719951e+00,-6.840893288481435519e-01,1.000000000000000000e+00
-8.396719950457489645e-01,-6.852893721152575779e+00,-1.795819541134624053e+00,1.000000000000000000e+00
-3.352444431952059212e+00,-2.133769400798536608e+00,4.637012643228084485e-01,1.000000000000000000e+00
1.428461019311046520e+00,3.373147692815374299e+00,-1.863393440076999141e+00,1.000000000000000000e+00
-3.563229322320324854e-01,-1.321299750128533290e+00,-3.687808207688190620e+00,1.000000000000000000e+00
3.070567208930689240e+00,-9.761099882030599417e-02,2.547585197361800446e+00,1.000000000000000000e+00
-6.418607582008934997e-01,-5.922717194632101112e+00,2.477230629931264971e+00,1.000000000000000000e+00
-1.994358344314582254e+00,-6.625137742205534863e+00,3.375050845593348114e-01,1.000000000000000000e+00
1.365509383358324946e+00,3.295735102607396882e+00,2.507529787412496880e+00,1.000000000000000000e+00
2.395751182749142671e+00,-4.184769413765394575e-01,-2.113806166232541806e+00,1.000000000000000000e+00
1.831578458202773874e-01,-7.829312600238095499e+00,-7.366207170597416365e-02,1.000000000000000000e+00
-2.166487284457804030e+00,-2.408646485704439399e+00,-3.080281317808264419e+00,1.000000000000000000e+00
-3.237633953784330387e+00,-1.013452719258616241e+00,-1.482005980628307462e+00,1.000000000000000000e+00
-9.244337383138478970e-01,1.163361883935472463e+00,-1.766519565824986593e+00,1.000000000000000000e+00
-1.927614700314804530e+00,5.667512127239145769e+00,1.908423399039641311e+00,1.000000000000000000e+00
-1.829495832128841037e+00,1.719399565451015022e+00,1.311598130323305078e+00,1.000000000000000000e+00
1.297799098741908352e+00,7.361930568426835464e+00,1.533925962821625077e-01,1.000000000000000000e+00
8.493467004382022623e-01,-6.994106541267317567e+00,1.624111277880898818e+00,1.000000000000000000e+00
1.489550339537104584e+00,1.401995259851251063e+00,1.140341664145582357e+00,1.000000000000000000e+00
1.560854519847533872e+00,-6.653254048534023468e+00,-7.128935570294094859e-01,1.000000000000000000e+00
5.779469605151810185e-02,6.571469620805432399e+00,-2.132570674027545188e+00,1.000000000000000000e+00
1.559083629261679427e+00,-2.610332020892483840e+00,2.095720601065428568e+00,1.000000000000000000e+00
-1.567755002585315971e+00,-3.152290843032425016e+00,3.168306800352077346e+00,1.000000000000000000e+00
3.286822181004359855e+00,3.641549008769221274e+00,-5.182626890842296774e-01,1.000000000000000000e+00
-1.856963352804831935e+00,3.096967840141708450e+00,-3.166524266443347280e+00,1.000000000000000000e+00
-2.887243023543023313e+00,2.287903258698538167e-01,2.464640027292237079e+00,1.000000000000000000e+00
-1.534332478034630576e+00,-3.835555632197527487e+00,-7.305914904731620751e-01,1.000000000000000000e+00
-1.024022746829498232e-01,4.774072014527453334e+00,7.030319172211276779e-01,1.000000000000000000e+00
5.796566444734416734e-01,-6.733113639376835380e-01,-1.971100379448430751e+00,1.000000000000000000e+00
1.841111050642622260e+00,-4.252398712787975654e+00,1.204305435222519094e-02,1.000000000000000000e+00
3.540698388978531952e+00,-3.511909814045514722e+00,-4.285638271002332189e-01,1.000000000000000000e+00
-3.125872697830818225e+00,4.088444225078864847e+00,-1.789131071812084528e-01,1.000000000000000000e+00
1.079861949180189740e-01,1.515032375820402066e+00,2.440011448186893972e+00,1.000000000000000000e+00
-1.599303567635525170e+00,-5.264838107041960313e-01,3.373733077509948330e-01,1.000000000000000000e+00
-2.179134791828453821e+00,-4.549702002275127555e+00,-2.288704819054638406e+00,1.000000000000000000e+00
-1.241253701465538484e+00,3.785437170066394685e+00,-1.543689460302924310e+00,1.000000000000000000e+00
-3.785459704450647500e+00,2.497398403712010051e+00,1.836877570526258552e-01,1.000000000000000000e+00
-1.708979807244653593e+00,6.708216259479188537e+00,5.048811951535192577e-01,1.000000000000000000e+00
9.024648341750385327e-01,-1.131759570783437141e-01,3.128839570845525664e+00,1.000000000000000000e+00
-1.075254189495394641e+00,-9.503370519704112951e-02,2.282685057605157830e+00,1.000000000000000000e+00
-7.708062916771050155e-01,2.997033878387034278e+00,2.124749600791783877e+00,1.000000000000000000e+00
1.126540435185560796e+00,-4.125324805556722652e+00,-2.948223671236111620e+00,1.000000000000000000e+00
1.878825225461612014e+00,2.798877594755198928e+00,-7.353544207941808963e-02,1.000000000000000000e+00
-7.677587610566805054e-01,-7.359457531943414565e+00,1.350349149469547427e+00,1.000000000000000000e+00
-1.146352960727655912e+00,1.223288262991781394e+00,-3.559513343272683983e+00,1.000000000000000000e+00
3.262355766537004875e+00,9.991473158537225174e-01,1.082557605281966318e-01,1.000000000000000000e+00
2.607583157990483791e+00,5.700633736993452771e+00,-2.088452262747049204e-01,1.000000000000000000e+00
-1.363778307223557640e+00,3.428222485689364163e+00,4.808154217236220163e-01,1.000000000000000000e+00
-1.522741875193995398e+00,6.415792656324116550e+00,-1.655292775817855500e+00,1.000000000000000000e+00
-2.226066349176070602e+00,-3.146942808724762841e+00,1.135082187852015423e+00,1.000000000000000000e+00
1.319542239972149922e+00,-5.747461817918164684e-02,-3.711721785347458002e+00,1.000000000000000000e+00
-1.896046292031075886e+00,-5.682804253947411510e+00,-1.132174904380847558e+00,1.000000000000000000e+00
2.599876095575807788e+00,-1.447717273692122220e+00,8.331493157436655750e-01,1.000000000000000000e+00
7.675975745767154024e-01,-3.706389710001250393e+00,-1.100254924382188193e+00,1.000000000000000000e+00
2.540781107988556720e+00,4.556109838073593821e+00,-2.033525050240633902e+00,1.000000000000000000e+00
-1.369544397692118665e+00,-2.762929665775164523e-01,-2.795305654204394585e+00,1.000000000000000000e+00
2.253622709026394055e+00,2.142628679286387339e+00,-2.882734565932520532e+00,1.000000000000000000e+00
-4.287607173829970364e-01,6.154139664706423929e+00,-5.071672113647016644e-01,1.000000000000000000e+00
4.082931481632110504e-01,-5.454388654344075604e+00,-1.988450707787767335e+00,1.000000000000000000e+00
-2.047432081927634151e+00,4.084257488434186456e+00,2.598931795495179387e+00,1.000000000000000000e+00
-1.624557947388627355e-01,-1.579415671546357203e+00,1.417310505616382166e+00,1.000000000000000000e+00
-5.124883505669952655e-01,2.613531321438600230e+00,3.612381134355392653e+00,1.000000000000000000e+00
-2.516226151163365898e+00,4.664474709570711752e+00,-1.692018685667398437e+00,1.000000000000000000e+00
-8.756513140764115022e-01,-4.097085357316748500e+00,2.105551546272873331e+00,1.000000000000000000e+00
3.179724518679764245e+00,-4.276987853768076775e+00,1.039141994126278945e+00,1.000000000000000000e+00
-1.013987277142789800e+00,-4.535083137629671413e+00,5.363047663651139274e-01,1.000000000000000000e+00
6.473392210024648818e-01,-2.172445551502582006e+00,-1.665455717505428979e+00,1.000000000000000000e+00
2.984889885237295815e+00,-1.394668916651344404e+00,-9.318108860483107492e-01,1.000000000000000000e+00
2.191111020598091486e+00,-3.474718997997998216e+00,-1.928244463823955535e+00,1.000000000000000000e+00
1.144222560115107257e+00,-5.584665420753529119e+00,2.236672419101618736e+00,1.000000000000000000e+00
-2.280337260074086991e+00,-2.563215855353176309e+00,-1.349184483397235290e+00,1.000000000000000000e+00
1.420588896448416349e+00,6.931574431596741803e+00,-1.350739538395283823e+00,1.000000000000000000e+00
9.151019363211521096e-02,4.636680663485922338e+00,-1.621079435756054288e+00,1.000000000000000000e+00
-2.698808571089309716e+00,1.080235633386191552e+00,-1.491087012735132333e+00,1.000000000000000000e+00
-1.352828620251647962e+00,-6.261350538659193887e-02,-1.044238842736310069e+00,1.000000000000000000e+00
-2.052759084543227530e-01,2.283653130450225888e+00,-2.382695565196235599e+00,1.000000000000000000e+00
3.394763789189822134e+00,5.216169682209361724e-01,-1.614870197262140650e+00,1.000000000000000000e+00
1.252075214812294668e+00,4.741844680633990450e+00,1.252008005894460929e+00,1.000000000000000000e+00
2.005461902192836376e+00,-1.046917331238022442e+00,3.296613184547066311e+00,1.000000000000000000e+00
-2.677450888640033888e+00,-4.313481584983311024e+00,4.010131417739719595e-01,1.000000000000000000e+00
9.708458262875137024e-01,3.402582812892312347e+00,-3.236593234464635316e+00,1.000000000000000000e+00
8.016390254122818249e-03,-2.899937305214855598e+00,-2.838741246998877976e+00,1.000000000000000000e+00
1.690471855413061775e+00,-1.214728127624393750e+00,-3.209891272942408946e-01,1.000000000000000000e+00
2.580804970423030476e+00,4.083212580614432596e-01,1.219119377517849934e+00,1.000000000000000000e+00
3.290407919211970622e-01,3.345902747865121540e+00,-6.847116049093511236e-01,1.000000000000000000e+00
-2.649807755004623289e+00,2.217898445849188604e+00,2.349068314363984555e+00,1.000000000000000000e+00
2.581912581295355835e+00,1.926476809438831594e+00,2.485930165088721999e+00,1.000000000000000000e+00
2.845163593287223236e-01,1.497262150036426931e-01,1.799218807525424957e+00,1.000000000000000000e+00
1.856169375928004683e+00,-4.042407372827279133e+00,2.141647164964600947e+00,1.000000000000000000e+00
1.018332990448690190e+00,4.594763396347600448e+00,2.860893344233763180e+00,1.000000000000000000e+00
1.665506300037519871e+00,4.043678604249357988e+00,-6.256654444075824273e-01,1.000000000000000000e+00
-1.067708732709582442e+00,4.532520257826853083e+00,1.651185136078508364e+00,1.000000000000000000e+00
-3.651812655154317966e+00,-2.222201957477153655e+00,-9.858747646862298097e-01,1.000000000000000000e+00
-5.990859222276352369e-01,-4.813064657300333948e+00,-9.294077100534972047e-01,1.000000000000000000e+00
-3.036527119934374852e+00,2.423280503838091349e+00,-2.140370249207112607e+00,1.000000000000000000e+00
2.884507155716461213e+00,-2.052930997266571467e+00,2.526713804451762080e+00,1.000000000000000000e+00
1.425295198106582006e+00,6.262319530671767609e+00,9.814191306841486551e-01,1.000000000000000000e+00
-1.495722686058288176e+00,-1.817239479533261814e+00,7.476010938753363533e-01,1.000000000000000000e+00
2.054859955984575492e+00,9.540647090688647580e-01,-1.937092333311440484e+00,1.000000000000000000e+00
5.548499527084667093e-01,-4.379458766029241445e+00,3.703371509569635123e-01,1.000000000000000000e+00
-8.842968732256926145e-01,7.226387633049856873e+00,1.424231122231586433e+00,1.000000000000000000e+00
-1.315899842113342544e+00,-1.853011493474578941e+00,3.313321977807802909e+00,1.000000000000000000e+00
-1.624090817451469881e+00,-5.738919635477801151e+00,1.542054886575844108e+00,1.000000000000000000e+00
8.844059424694155069e-01,-2.901898074299438690e+00,3.354105592335472785e+00,1.000000000000000000e+00
3.661099025987135214e+00,2.215843822250535666e+00,-1.874151210076124840e-01,1.000000000000000000e+00
-2.287376351183699086e+00,-1.458401059597571603e+00,-6.563816020821917618e-01,1.000000000000000000e+00
-2.519560396365507771e+00,1.808612395967875486e+00,2.128142152804093357e-01,1.000000000000000000e+00
2.807423356904155121e+00,3.962616605526976699e+00,1.717621575574336923e+00,1.000000000000000000e+00
-1.540615652661816881e+00,-3.490478377977677127e+00,-2.751710913905657918e+00,1.000000000000000000e+00
-2.545287126103186637e+00,5.711282178970353840e+00,7.814011387577242118e-01,1.000000000000000000e+00
1.182677200305045417e+00,-5.677318555833595681e+00,9.571710222289890879e-01,1.000000000000000000e+00
-1.307013234549700087e+00,5.072043788882142579e+00,-1.575408466268737762e+00,1.000000000000000000e+00
-2.741912236018782423e+00,-5.972295033652663676e-01,9.785389895102261093e-01,1.000000000000000000e+00
1.905039319107544316e-01,3.624198092155317852e+00,2.943155479974564948e+00,1.000000000000000000e+00
1.712557352425935875e+00,2.155168369460021438e+00,-1.608751716647138785e+00,1.000000000000000000e+00
1.168331396223977414e+00,5.884382530503682318e+00,-2.239979888749477510e+00,1.000000000000000000e+00
-1.597182243290991011e-01,5.216280754510087547e-01,-3.931014607395100668e+00,1.000000000000000000e+00
-2.962592739184342960e+00,-4.818196557566137628e+00,-9.257975079446092437e-01,1.000000000000000000e+00
-3.644108780030716588e+00,1.113178828097728612e+00,1.005746131729204684e+00,1.000000000000000000e+00
5.167809100171885106e-01,1.173769465993531824e+00,3.804640754001868075e+00,1.000000000000000000e+00
3.631253678135669460e+00,-2.294216502967696414e+00,-2.220320059307407945e-01,1.000000000000000000e+00
2.205875079095448221e+00,1.301680365742559076e-01,7.646156790263969327e-02,1.000000000000000000e+00
1.714829778939665594e+00,-3.271835565397234191e+00,7.475571692117739531e-01,1.000000000000000000e+00
-2.274567644865236105e+00,4.574350824103156299e+00,1.409628799543400035e+00,1.000000000000000000e+00
-4.245930903767423104e-01,-3.409080698562730660e+00,-1.149064680964947627e+00,1.000000000000000000e+00
2.228519352961296107e+00,1.594809424524990860e+00,-2.144655356185847239e-01,1.000000000000000000e+00
-1.431311510063982162e+00,2.307958268121181433e+00,-1.630943686009791449e+00,1.000000000000000000e+00
-2.677521916229756549e+00,-3.277300938066243674e+00,-2.565176165166960232e-01,1.000000000000000000e+00
2.812459836983898676e+00,-2.445144970313180011e+00,-2.171659707250176652e+00,1.000000000000000000e+00
-1.708943156896660653e-01,-3.119961983642363990e+00,2.321191035033234762e+00,1.000000000000000000e+00
-1.701432612214301976e+00,-9.436141703545306569e-01,1.574756378646659627e+00,1.000000000000000000e+00
-1.360188163338483136e+00,-2.773498347713053036e+00,1.903828913541628864e+00,1.000000000000000000e+00
5.474903564619522101e-01,-6.722744173559421554e+00,4.906813387387565228e-01,1.000000000000000000e+00
1.177951691687608715e+00,2.559317972093843707e+00,3.434795320081103220e+00,1.000000000000000000e+00
-1.178794101715508802e+00,1.757830971170200485e+00,2.406724689028599151e+00,1.000000000000000000e+00
2.489025434051091779e+00,3.253562209036969577e+00,-1.331747544838462360e+00,1.000000000000000000e+00
-2.186956940312212438e+00,6.380092612987144918e+00,-5.360449901086106195e-01,1.000000000000000000e+00
7.139175921586762286e-01,-4.197395850140267726e+00,1.872432839457879972e+00,1.000000000000000000e+00
1.883704700964479173e+00,-1.511777125549100376e+00,1.771674269884804254e+00,1.000000000000000000e+00
-1.790286728602508148e-01,-4.958811059857762160e+00,2.960295315424340323e+00,1.000000000000000000e+00
-1.963047343709982684e-01,2.901635427567104131e-01,2.948779676921525983e+00,1.000000000000000000e+00
2.119402990668444176e+00,5.288532746343648228e-01,2.863604790605121408e+00,1.000000000000000000e+00
1.578172027452850124e+00,-5.085238355270274013e-01,-1.289850002765767556e+00,1.000000000000000000e+00
-3.403200825164432786e+00,1.743332672822006657e-03,-9.480072402492183414e-01,1.000000000000000000e+00
-3.903641744882060394e-01,-6.092981312818228190e+00,1.359968962654176217e+00,1.000000000000000000e+00
1.283095693694860984e+00,-9.089471662749453174e-01,-2.928454960370324045e+00,1.000000000000000000e+00
-6.287451227588070068e-01,5.743605545252176370e+00,1.035016830916667629e+00,1.000000000000000000e+00
-2.099046067436805885e+00,6.188894554653039393e-01,1.105879659488828715e+00,1.000000000000000000e+00
4.228643332180785919e-01,6.926294391191422761e+00,-5.403152830892956615e-01,1.000000000000000000e+00
-1.958118494561906786e-01,4.447130756379786831e+00,-5.266013174521164686e-01,1.000000000000000000e+00
-7.671455477943460721e-01,-6.706351863761755183e+00,-6.649199090126423073e-01,1.000000000000000000e+00
-1.896023794924870387e+00,-4.164956042535687075e+00,2.648781326141604886e+00,1.000000000000000000e+00
3.684818670006127839e+00,1.897861173356520936e-01,1.310487429994569020e+00,1.000000000000000000e+00
-5.811149996726836520e-01,5.359945747702161256e+00,-2.525604369593826171e+00,1.000000000000000000e+00
6.077512554743895734e-01,-6.975095788249667805e+00,-1.221362910098663157e+00,1.000000000000000000e+00
2.765040871036141823e-01,3.301544507967054898e+00,-2.339043842085975378e+00,1.000000000000000000e+00
4.398639340322603175e-01,6.029958871855225055e+00,4.914582303612418102e-01,1.000000000000000000e+00
-1.947044013308555144e+00,1.570863865630943934e+00,-2.564033709763107183e+00,1.000000000000000000e+00
1.597892159758114161e-01,-4.781078570982483456e+00,-3.008362786189777260e+00,1.000000000000000000e+00
-1.215272147565354288e+00,-5.274275041161919475e+00,-1.921986154898986499e+00,1.000000000000000000e+00
1.678424912074726549e+00,3.283703334371690374e+00,1.438752441421919492e+00,1.000000000000000000e+00
1.862518038756592276e+00,-1.946203316533262395e+00,-1.595373144466866400e+00,1.000000000000000000e+00
-2.559066260163957551e+00,-3.267547039124039543e+00,-2.375023307378271831e+00,1.000000000000000000e+00
3.316276322781556374e+00,3.935988354581921200e+00,5.485654447351278051e-01,1.000000000000000000e+00
-1.144055131181391793e+00,-2.578477964811021650e+00,3.002478667018504410e-02,1.000000000000000000e+00
6.914164710522481272e-01,2.748791619738696568e+00,1.650686973283020720e+00,1.000000000000000000e+00
-8.247263149942325455e-01,-6.697612880355485743e+00,4.763001514201379294e-01,1.000000000000000000e+00
3.298001239697653020e+00,1.047787065094586634e+00,-3.930042845950141306e-01,2.000000000000000000e+00
4.235763639591940688e+00,-1.940117155480837852e+00,6.205772095938311139e-03,2.000000000000000000e+00
4.752342752652804592e+00,-2.542290771890920453e-02,6.189359909226028744e-01,2.000000000000000000e+00
3.824330439866723275e+00,-5.569514748818469307e-01,-9.238790137599293129e-01,2.000000000000000000e+00
3.299454431420429934e+00,-6.333986241181857046e-01,6.174116599162220442e-01,2.000000000000000000e+00
4.481164797486748341e+00,1.568881877996557872e+00,3.303858791486813384e-01,2.000000000000000000e+00
4.627336926747338097e+00,5.375136192967540083e-01,-6.284230755932955770e-01,2.000000000000000000e+00
3.611434787571607075e+00,7.792973594953749306e-01,7.975683921491345529e-01,2.000000000000000000e+00
4.765871671634222650e+00,-8.601644150566118974e-01,-3.141070963944287975e-01,2.000000000000000000e+00
4.399143804951419767e+00,-1.111694153117994244e+00,6.869925176530329303e-01,2.000000000000000000e+00
3.276485387554981976e+00,-1.285232982172277882e+00,-2.338354447682211568e-01,2.000000000000000000e+00
3.164405857904253327e+00,5.482981607352943598e-03,-3.951715967366744575e-01,2.000000000000000000e+00
4.191913687178026038e+00,1.506890458499555052e+00,-6.079846933551871224e-01,2.000000000000000000e+00
3.643369384097669972e+00,1.690372799443746299e+00,7.103945049952042901e-02,2.000000000000000000e+00
3.746194433084880870e+00,4.011287072275302457e-01,-8.856050221517239862e-01,2.000000000000000000e+00
4.544022801844718629e+00,8.314146014357892689e-01,6.489933978989064212e-01,2.000000000000000000e+00
3.610564565550918203e+00,-1.377109680740854714e+00,4.855816715756322566e-01,2.000000000000000000e+00
4.173006497380228552e+00,-1.225317270659562308e+00,-7.285296887812033884e-01,2.000000000000000000e+00
4.031495618703656802e+00,1.367607918357602870e-01,9.015165089201886417e-01,2.000000000000000000e+00
4.954509799595341768e+00,4.725731450490489038e-01,6.261579067096545437e-02,2.000000000000000000e+00
4.821617923579902154e+00,-1.223137960641440536e-01,-3.958420486195548538e-01,2.000000000000000000e+00
3.199917957393512147e+00,2.818305158661074117e-01,5.035638100985002641e-01,2.000000000000000000e+00
4.240611542079522067e+00,-4.892789739454852516e-01,8.958031692607713037e-01,2.000000000000000000e+00
4.427546882000423345e+00,-3.072503074006194268e-02,-8.967806382106278118e-01,2.000000000000000000e+00
4.579518993624771994e+00,-1.474337101248069271e+00,-3.082812663233844841e-01,2.000000000000000000e+00
3.271961377587721209e+00,-7.154530620611705416e-01,-5.056571378960035279e-01,2.000000000000000000e+00
4.761132692524667753e+00,1.154480540462920590e+00,-5.198559515741973946e-02,2.000000000000000000e+00
3.808579464806799209e+00,1.030351985835604722e+00,-7.540448652380142835e-01,2.000000000000000000e+00
3.858635423499025663e+00,1.520573721943153434e+00,6.146114543879284131e-01,2.000000000000000000e+00
3.662307986063980003e+00,-1.778054770667230500e+00,-1.696100894595486963e-03,2.000000000000000000e+00
4.705772516422226381e+00,-6.645418590088354449e-01,5.101160348349180751e-01,2.000000000000000000e+00
3.646590267061789348e+00,-2.829363251026038029e-01,9.148124764497240768e-01,2.000000000000000000e+00
3.213611616825694739e+00,7.843278445242654051e-01,2.385739434099496403e-01,2.000000000000000000e+00
4.332671274954732255e+00,1.830753319798089418e+00,-1.644322839298084649e-01,2.000000000000000000e+00
4.065054365707208461e+00,-1.723592507865588708e+00,-4.904564262357893334e-01,2.000000000000000000e+00
4.101091970291911082e+00,-1.653237784322220350e+00,4.326025320589548251e-01,2.000000000000000000e+00
4.644348322225159365e+00,-5.161456615032498085e-01,-7.044599873686721025e-01,2.000000000000000000e+00
3.769037920741906245e+00,-9.507600527245472222e-01,7.562020379106839663e-01,2.000000000000000000e+00
3.203686368139523566e+00,-1.006990627212681844e+00,2.595580402743586923e-01,2.000000000000000000e+00
3.739993325454807671e+00,1.695695799998405029e+00,-4.236465172723062889e-01,2.000000000000000000e+00
4.307824846519825890e+00,1.009206562485787995e+00,-7.791473173754503989e-01,2.000000000000000000e+00
4.245804549942182149e+00,1.224174655151454516e+00,7.283202222822244831e-01,2.000000000000000000e+00
4.916444896769143647e+00,-4.520912171217612574e-01,-3.747790688840435536e-02,2.000000000000000000e+00
3.662050577759182524e+00,-1.003582065030113046e+00,-7.927079968556396405e-01,2.000000000000000000e+00
3.104123668248611079e+00,3.094655408720772272e-01,-1.886564540327695383e-02,2.000000000000000000e+00
3.204439242916354402e+00,5.867217707517737857e-01,-4.765961710595498779e-01,2.000000000000000000e+00
4.530236602085905950e+00,-1.395074038885356860e+00,3.286525953475547546e-01,2.000000000000000000e+00
3.489965456406832089e+00,1.145522790839971439e+00,5.251975869842941957e-01,2.000000000000000000e+00
3.316746650399592156e+00,1.204921713670964678e+00,7.707005467869376680e-02,2.000000000000000000e+00
4.202582658196654997e+00,5.617043107371206823e-01,9.293767714295104732e-01,2.000000000000000000e+00
4.911913671594947850e+00,2.262915987910885107e-02,5.472065960214944624e-02,2.000000000000000000e+00
3.247603758782243055e+00,-2.023539523835142795e-01,6.423781471203087179e-01,2.000000000000000000e+00
4.749916644190834702e+00,-1.036629137770272990e+00,2.206030153357834145e-01,2.000000000000000000e+00
3.952210185221972871e+00,1.846590374278370028e+00,3.236599424534620795e-01,2.000000000000000000e+00
3.496889364810581213e+00,-3.335381930496343905e-01,-7.807884715496027361e-01,2.000000000000000000e+00
3.662094849992580503e+00,-1.537015985974464982e+00,-3.418856518459483240e-01,2.000000000000000000e+00
3.537524734510071767e+00,7.127206659855813697e-01,-6.927738774747593808e-01,2.000000000000000000e+00
4.451121872781361510e+00,8.239774807067989926e-02,8.791360986660639032e-01,2.000000000000000000e+00
3.718980829865722093e+00,3.960604037721804360e-01,8.795682983744086414e-01,2.000000000000000000e+00
4.063419439519685206e+00,-1.336293194981998500e+00,6.952029331229594433e-01,2.000000000000000000e+00
4.477111689477585088e+00,1.241542089734122722e+00,-4.998432901127238814e-01,2.000000000000000000e+00
4.057986254166976892e+00,-1.489763636461050034e-01,-9.831832017833161963e-01,2.000000000000000000e+00
4.372301506232485480e+00,-8.886162308715830349e-01,-7.047177553170642650e-01,2.000000000000000000e+00
3.882059105246532749e+00,1.090067635066949592e+00,7.769393016260774942e-01,2.000000000000000000e+00
3.404399352143651747e+00,-1.436367022764836410e+00,1.004076612530631074e-01,2.000000000000000000e+00
4.316239245826339221e+00,5.119166628976370426e-01,-8.534005903019794559e-01,2.000000000000000000e+00
3.126039096173177434e+00,-6.474731414409080621e-01,1.587432343144641322e-01,2.000000000000000000e+00
4.865538866016104080e+00,6.326405075548957591e-01,-3.539116586223498562e-01,2.000000000000000000e+00
3.636883382282802391e+00,-2.250988724961544563e-03,-8.800065499894165200e-01,2.000000000000000000e+00
3.669922614563128516e+00,1.375121535952179119e+00,-5.995814239217820418e-01,2.000000000000000000e+00
4.089256372019081098e+00,2.262865918041336855e-01,-9.204471846689681325e-01,2.000000000000000000e+00
3.184412689033740307e+00,7.530461057476842690e-01,-1.295752939021161954e-01,2.000000000000000000e+00
4.515710529869375378e+00,-2.720304534282558251e-01,8.185829003595705977e-01,2.000000000000000000e+00
4.841614147273047841e+00,-4.021506550162072813e-01,3.093621001571420503e-01,2.000000000000000000e+00
3.813703817372362526e+00,1.931766815065406373e+00,-1.711999877059895425e-01,2.000000000000000000e+00
4.832201992209363084e+00,2.895848319774194657e-01,4.936454193484416386e-01,2.000000000000000000e+00
3.509896155746278446e+00,1.457058226908436005e+00,3.724076256031596532e-01,2.000000000000000000e+00
4.336996360838712761e+00,-5.644322197200892788e-01,-8.461506853747249313e-01,2.000000000000000000e+00
3.698458134419707832e+00,5.527364010957747098e-02,8.625421435124653868e-01,2.000000000000000000e+00
4.008569809661909567e+00,6.555482640879031209e-01,-8.482928855441169702e-01,2.000000000000000000e+00
4.597256886607579141e+00,1.571266040286952492e+00,1.862461582698071716e-02,2.000000000000000000e+00
4.016498195315104880e+00,-8.154151840045478217e-01,-8.634506050668218080e-01,2.000000000000000000e+00
4.487610664654131831e+00,1.144334236883307820e+00,5.287317859762397099e-01,2.000000000000000000e+00
4.713319686377497320e+00,-1.162397855204679420e+00,-2.240576865564338771e-01,2.000000000000000000e+00
3.582176550392561332e+00,-1.659025484059690747e+00,3.386767415437947903e-01,2.000000000000000000e+00
4.406285201294295462e+00,-1.637257018083263738e+00,-9.718066642425160495e-02,2.000000000000000000e+00
3.125152957685312316e+00,-2.955766701710200728e-01,-3.524686963126737460e-01,2.000000000000000000e+00
3.981467115603804174e+00,-1.914923497506604733e+00,-1.603707926127544425e-01,2.000000000000000000e+00
4.749730115680554476e+00,9.404978503389971323e-02,-5.971380599567988057e-01,2.000000000000000000e+00
3.996265875087972042e+00,7.714959706658999217e-01,8.608593432033755377e-01,2.000000000000000000e+00
3.497737997611237049e+00,-1.303951182020750998e+00,-4.345737667127194115e-01,2.000000000000000000e+00
4.226050542277749678e+00,1.717051797408346125e+00,2.890731583372159186e-01,2.000000000000000000e+00
4.891949010751340587e+00,-6.145128303164826278e-02,3.395600257848261361e-01,2.000000000000000000e+00
4.935911418601405032e+00,1.149250654235736135e-01,-2.590267167107134227e-01,2.000000000000000000e+00
4.063766356943570912e+00,-9.313436516178059676e-01,7.692566960163773615e-01,2.000000000000000000e+00
3.753934340503637834e+00,-1.234954304864391617e+00,-6.342676042106676348e-01,2.000000000000000000e+00
3.702477745943374643e+00,1.680160168986748470e+00,3.726929165394892163e-01,2.000000000000000000e+00
3.499350542478816273e+00,1.574920059768222025e+00,-3.067488968780336389e-01,2.000000000000000000e+00
3.206076905278830935e+00,-3.834585647434156641e-01,4.189908244117968028e-01,2.000000000000000000e+00
3.842704374511652254e+00,-1.570966563084805312e+00,5.307170867727950547e-01,2.000000000000000000e+00
-2.963831807139193586e+00,1.145279754676835182e+01,-1.120974069418415375e+00,3.000000000000000000e+00
7.703835549103450475e-01,2.381063683232656558e+01,-2.176348001555492573e-01,3.000000000000000000e+00
3.506855755277436870e+00,1.608431573559295202e+01,6.761985633450011690e-01,3.000000000000000000e+00
-3.745116174112311569e+00,1.825583615084982725e+01,6.931559053299460871e-01,3.000000000000000000e+00
2.456738185752366022e+00,9.972626589435607869e+00,7.664077370286461743e-01,3.000000000000000000e+00
-2.291643093803976683e-01,1.703097802656082038e+01,-3.753701953034511263e+00,3.000000000000000000e+00
-1.016370202319216709e+00,1.478036228107029970e+01,3.801544397118883367e+00,3.000000000000000000e+00
2.376496597611117423e-01,2.021805946438177060e+01,3.212919636008538582e+00,3.000000000000000000e+00
2.402085450193857774e+00,1.313784165442683083e+01,-2.454969716769454635e+00,3.000000000000000000e+00
2.598096310856655045e+00,2.015336214894371381e+01,-1.400015978862216848e+00,3.000000000000000000e+00
-1.027322410584632806e+00,1.070766189832288973e+01,2.714824956808375767e+00,3.000000000000000000e+00
-2.182117869193035631e+00,2.075287683338488165e+01,-2.089908811976635583e+00,3.000000000000000000e+00
-2.574443327002247983e+00,1.518484321073970733e+01,-1.601260423895413787e+00,3.000000000000000000e+00
-1.194938159956628887e+00,8.388528873061256164e+00,-2.325596230839979128e-01,3.000000000000000000e+00
2.197063582417636773e+00,1.322612842496927321e+01,2.446032509895800899e+00,3.000000000000000000e+00
-1.947644172757646785e+00,2.194420809062185285e+01,1.539003964138355052e+00,3.000000000000000000e+00
-9.191243122798624654e-01,1.246732758387988227e+01,-3.426578380440560956e+00,3.000000000000000000e+00
-3.566016006820079021e+00,1.515974276780369756e+01,1.521415488719938480e+00,3.000000000000000000e+00
-6.406092921564692233e-01,1.744236887200302988e+01,2.125360548583090647e+00,3.000000000000000000e+00
2.030638790940733074e-01,1.222921796632312130e+01,3.117976754381208693e-01,3.000000000000000000e+00
2.794908171663180951e+00,1.931589213169292307e+01,1.803717409426980112e+00,3.000000000000000000e+00
8.080779201728587324e-01,1.041665411380560258e+01,-2.165714808754442444e+00,3.000000000000000000e+00
2.940138899053475363e+00,1.727493573171381769e+01,-1.954136877845552789e+00,3.000000000000000000e+00
1.913314642858043868e-02,1.949820613730683760e+01,-4.057210557439097087e-01,3.000000000000000000e+00
3.672675790883851654e+00,1.322860240988252478e+01,1.266226551859546134e-01,3.000000000000000000e+00
-2.196499550305014203e+00,1.781257104086389020e+01,-1.855401153246448942e+00,3.000000000000000000e+00
1.616682299258653366e+00,2.218012633683028412e+01,1.710908871045444535e+00,3.000000000000000000e+00
1.245628109566681019e+00,1.645921030191372125e+01,3.714252151727612805e+00,3.000000000000000000e+00
2.356327980830359436e-01,2.075351512427848277e+01,-3.150381535711313852e+00,3.000000000000000000e+00
-2.104070118017887125e+00,1.296851453624166162e+01,1.594067241444390604e+00,3.000000000000000000e+00
8.780647192396422440e-01,1.546553905716805311e+01,1.326400686316877575e+00,3.000000000000000000e+00
1.113744410923720451e+00,1.551342406479454716e+01,-1.405086109225885949e+00,3.000000000000000000e+00
-1.984747776217310467e+00,1.936880231535770136e+01,1.873580117372754650e+00,3.000000000000000000e+00
-8.833493205410389848e-01,1.480672266670098658e+01,-3.550865728380565578e+00,3.000000000000000000e+00
5.690275735257239731e-01,9.233484054808720032e+00,1.940796453273039290e+00,3.000000000000000000e+00
7.069000552562521023e-02,1.278146152897257970e+01,3.192534168700595920e+00,3.000000000000000000e+00
-1.490638128863769118e+00,2.271654287372216885e+01,-1.187914896621776073e+00,3.000000000000000000e+00
-1.500554516024400264e+00,9.787217684629775150e+00,-1.947507438427508397e+00,3.000000000000000000e+00
-1.306895218163147909e+00,1.308077418666945491e+01,-1.063898009649677512e+00,3.000000000000000000e+00
1.859378272531377441e+00,1.739697231081735751e+01,-6.196284096917636930e-04,3.000000000000000000e+00
-2.260471303958669687e+00,1.007569391799721359e+01,9.941800570036676277e-01,3.000000000000000000e+00
-3.625983556625337556e+00,1.331671498610360871e+01,-1.374164388893106548e-01,3.000000000000000000e+00
-3.141911740038877632e+00,2.038394519803513560e+01,-1.367529026476894671e-01,3.000000000000000000e+00
1.659312866325334923e+00,1.594845659909445956e+01,-3.631902281995416537e+00,3.000000000000000000e+00
1.542528041781944914e+00,1.824933622263288768e+01,-3.440256869357273928e+00,3.000000000000000000e+00
1.788437166202134776e+00,2.245909796325017282e+01,-1.522489461707540848e+00,3.000000000000000000e+00
2.571920856296740610e+00,1.101507939284060988e+01,-1.206930557971572782e+00,3.000000000000000000e+00
8.895885003567798321e-01,8.211280368841920918e+00,1.539977105250072142e-01,3.000000000000000000e+00
-1.835075675656226757e+00,1.557712685433781985e+01,3.050068257125433391e-01,3.000000000000000000e+00
2.867070147461068252e+00,2.114219644110341534e+01,3.886880848250768850e-01,3.000000000000000000e+00
-2.653289389049087177e-01,2.210784707187253417e+01,3.612240159088795366e-01,3.000000000000000000e+00
-3.900547023156211601e+00,1.643620858904681370e+01,-2.455397980085702869e-01,3.000000000000000000e+00
-6.943357699402232797e-01,1.643812574555943229e+01,-1.694377486626408746e+00,3.000000000000000000e+00
-1.099871533238807153e+00,1.889484898822414038e+01,-3.184970803356295121e+00,3.000000000000000000e+00
-2.921505407879092076e+00,1.717306508650654706e+01,2.202514188084458979e+00,3.000000000000000000e+00
6.914177423960161661e-01,2.047095356825666457e+01,1.243004872504535285e+00,3.000000000000000000e+00
2.457343798859616513e+00,1.543123323798281277e+01,2.533695104630269590e+00,3.000000000000000000e+00
-8.374398705384473729e-01,1.448383158143346172e+01,1.694102388407756621e+00,3.000000000000000000e+00
9.701617832647446704e-01,1.843134628851981205e+01,1.427719660824495307e+00,3.000000000000000000e+00
1.031217543045397811e+00,1.410059702504066514e+01,-3.614297884005660322e+00,3.000000000000000000e+00
1.931443132803184248e+00,1.430761683145823682e+01,-1.710751284122071780e-01,3.000000000000000000e+00
-1.082089063702653675e+00,1.104645560698525486e+01,-4.255288153664542605e-01,3.000000000000000000e+00
7.700716087698546986e-01,1.019572915946359970e+01,-2.975446621631023802e-01,3.000000000000000000e+00
8.184827193028114678e-01,1.360540445583085578e+01,-1.565351420214939893e+00,3.000000000000000000e+00
8.505791712009660444e-01,1.764948597231547467e+01,-1.833523541957683634e+00,3.000000000000000000e+00
3.412283560795937198e+00,1.929228641695928559e+01,6.883796541451303597e-02,3.000000000000000000e+00
-1.899940369987003663e+00,1.636524637308207986e+01,-3.368288770841597390e+00,3.000000000000000000e+00
3.620812105605235587e+00,1.565699695501988842e+01,-1.086298385851481640e+00,3.000000000000000000e+00
1.095976904578693123e+00,1.865617648189877897e+01,3.434224482205054052e+00,3.000000000000000000e+00
6.927229588940679861e-01,1.369367335535125108e+01,1.215519911757889204e+00,3.000000000000000000e+00
1.915810704815325671e+00,1.076034495178137007e+01,2.257592920152246663e+00,3.000000000000000000e+00
-2.605701189910423210e-01,2.227709042523003546e+01,2.113588713935888208e+00,3.000000000000000000e+00
-3.403890590425683982e+00,1.896911001565550237e+01,-1.310761536299887453e+00,3.000000000000000000e+00
-9.954119513828985077e-02,2.103277472167603435e+01,-1.459566490467432587e+00,3.000000000000000000e+00
-5.576348165473685725e-01,1.645437939287685936e+01,3.669512853492255644e+00,3.000000000000000000e+00
2.285664065292078106e+00,1.700759057080937708e+01,1.842356978794753353e+00,3.000000000000000000e+00
-2.015483003708729015e+00,1.757487593657830161e+01,8.003092488172285357e-01,3.000000000000000000e+00
7.647709552551091861e-01,1.424277168512759317e+01,3.657132495448509601e+00,3.000000000000000000e+00
-1.077083119151060586e+00,2.065133171246997890e+01,1.662307040380168743e-01,3.000000000000000000e+00
7.833496645536026648e-01,1.955731286426737014e+01,-1.885334461931794436e+00,3.000000000000000000e+00
-9.163570444962836348e-01,2.362394334547924046e+01,5.851122338569947345e-01,3.000000000000000000e+00
-5.247514402805562028e-01,1.207029164314169023e+01,1.811190600565313780e+00,3.000000000000000000e+00
-2.280221257077133856e+00,1.341926159270007624e+01,-2.354440590519538468e+00,3.000000000000000000e+00
1.846957179960165618e+00,1.222159604917771247e+01,2.009145004030443715e-01,3.000000000000000000e+00
8.650935936649819524e-01,1.174184917171659848e+01,-3.117041878218942408e+00,3.000000000000000000e+00
-8.153744490513412657e-01,1.124588132275463082e+01,-2.059148818605535780e+00,3.000000000000000000e+00
1.091943662365140177e+00,1.165824476051340497e+01,-1.162519922369129155e+00,3.000000000000000000e+00
-1.838083796796881941e+00,1.763894616930320680e+01,3.297061319464876128e+00,3.000000000000000000e+00
2.370484873740430487e+00,1.853787856127500788e+01,-1.139031028009166668e+00,3.000000000000000000e+00
-1.450542692732473604e+00,1.897682727670870051e+01,-7.545530010462204729e-01,3.000000000000000000e+00
2.819663764022936725e+00,1.432489392668870209e+01,1.150504153659975159e+00,3.000000000000000000e+00
3.315973459113088495e+00,1.401724888712750960e+01,-1.494011155073093455e+00,3.000000000000000000e+00
-2.377739248827406726e+00,1.556935588766210898e+01,2.466428044948743015e+00,3.000000000000000000e+00
1.037289315014891855e+00,1.212096512911006485e+01,1.628749212502630606e+00,3.000000000000000000e+00
-7.842218124171527194e-01,2.057731847046244411e+01,2.101931897715216380e+00,3.000000000000000000e+00
-5.036020037135564564e-01,1.439974208207971351e+01,-1.403840662739407108e+00,3.000000000000000000e+00
-4.382302622288021254e-01,2.212964902134503831e+01,-2.479265945142414829e+00,3.000000000000000000e+00
-2.325349388129642314e+00,1.361200279673759717e+01,2.935188754564971525e+00,3.000000000000000000e+00
-1.763996888569771215e+00,1.409209267633017326e+01,9.607907822560246558e-02,3.000000000000000000e+00
1.116575970566360709e+00,2.118216703269056467e+01,3.393694646972811313e-03,3.000000000000000000e+00
1.941488170829145155e+00,1.925670858323668000e+01,5.931763318021401332e-01,3.000000000000000000e+00
3.781686054936594488e+00,1.705832145575116243e+01,-3.992196940938006477e-01,3.000000000000000000e+00
9.750581496444787888e-02,1.042422884619097267e+01,9.931380180380804390e-01,3.000000000000000000e+00
3.994531921913404560e-01,1.083469673434291991e+01,2.372004777462557001e+00,3.000000000000000000e+00
-7.801031394185793388e-01,9.141454540440722809e+00,9.584288453304417033e-01,3.000000000000000000e+00
-1.547043475357567033e+00,1.186994622379367925e+01,7.900514783047194456e-01,3.000000000000000000e+00
-5.621036959501690689e-02,2.262325465825807314e+01,-9.870183732994339820e-01,3.000000000000000000e+00
4.405984605061101789e-01,1.638474670176358217e+01,-2.641434980480179995e+00,3.000000000000000000e+00
7.305445484895027874e-01,9.092293783604436186e+00,-1.584026100074755306e+00,3.000000000000000000e+00
-3.729321270821985834e-01,1.839061401585437494e+01,-2.045988571806594436e+00,3.000000000000000000e+00
1.594528518748043133e+00,2.015861686659327034e+01,2.315495517025005334e+00,3.000000000000000000e+00
1.918881658402222357e+00,2.281211827740580489e+01,4.706794970475218776e-01,3.000000000000000000e+00
2.932505756724279600e+00,1.254611041000265281e+01,-1.279446775401085645e+00,3.000000000000000000e+00
1.941928715908453285e+00,9.126939526156391480e+00,-2.351496868562605869e-01,3.000000000000000000e+00
3.317014891195142923e+00,1.796406012490579585e+01,1.875071076314316798e+00,3.000000000000000000e+00
-2.958348503427001397e+00,1.226612796900802138e+01,7.248214128634282716e-01,3.000000000000000000e+00
2.155490319937086063e+00,1.937661004873566384e+01,-2.461984322330676100e+00,3.000000000000000000e+00
2.685998544757758566e+00,1.271015108190885812e+01,1.264215481387588547e+00,3.000000000000000000e+00
-3.602837262142633001e+00,1.466124922256956431e+01,-3.319978660511688773e-01,3.000000000000000000e+00
4.601789491718042413e-01,1.650701277495201680e+01,2.079443630592792580e+00,3.000000000000000000e+00
-1.888330516798514935e+00,1.714015422537511313e+01,-7.251100388225264481e-01,3.000000000000000000e+00
-2.173750525488687302e+00,1.096069470620141573e+01,2.010030763279729626e+00,3.000000000000000000e+00
-2.881933296119447263e+00,1.649474206708774204e+01,-2.458849160625526054e+00,3.000000000000000000e+00
-1.106907962222507535e+00,9.686546269122118247e+00,-5.507400254421419561e-01,3.000000000000000000e+00
-5.360407331630536731e-01,1.329438990750406546e+01,-2.452029342084502517e+00,3.000000000000000000e+00
-3.356133789274925228e+00,1.394728947462227531e+01,-1.774016195401800999e+00,3.000000000000000000e+00
-2.951080096557596733e-01,1.857599431711112814e+01,1.044870945333217449e+00,3.000000000000000000e+00
-2.685515268573545278e+00,2.085330916227828268e+01,1.366237560570406018e+00,3.000000000000000000e+00
-1.179685051966790077e+00,1.873741086781779330e+01,2.969139212746060963e+00,3.000000000000000000e+00
-1.055023500964044736e+00,1.349692785961239494e+01,3.280427608848742516e+00,3.000000000000000000e+00
2.212850230454502132e+00,1.587146615114895631e+01,-7.677944710303608034e-01,3.000000000000000000e+00
-1.685018995437936873e+00,1.658322565457144293e+01,2.007436455431265365e+00,3.000000000000000000e+00
2.276789703031817602e+00,1.835644484673802879e+01,2.956674959732115582e+00,3.000000000000000000e+00
2.588633160727853877e+00,1.114673539172975758e+01,1.307221936150746444e-01,3.000000000000000000e+00
1.865276563713980096e-01,1.391718985809732523e+01,2.534300630968744805e+00,3.000000000000000000e+00
1.470720400813299023e+00,1.176508388663197024e+01,2.942850851505769860e+00,3.000000000000000000e+00
-1.937451678719029680e+00,1.204023850401356555e+01,-5.939671853845416294e-01,3.000000000000000000e+00
3.841833278453901102e-01,1.923331675756212178e+01,2.256258489384882715e+00,3.000000000000000000e+00
-1.549498623879414616e+00,2.209544718588763601e+01,-5.868325905305304957e-02,3.000000000000000000e+00
-3.023635646603888283e+00,1.680578082671241802e+01,6.122813457563545114e-01,3.000000000000000000e+00
-2.761160541393262058e+00,1.420100740636604186e+01,1.265944087421204678e+00,3.000000000000000000e+00
7.078868620511755694e-01,2.286522840959055003e+01,1.132521643436056102e+00,3.000000000000000000e+00
-2.780632524758376967e+00,1.863279727349344483e+01,-4.568583503890710773e-02,3.000000000000000000e+00
2.078069232621444939e+00,1.430446147397199042e+01,-1.444908147064572823e+00,3.000000000000000000e+00
-2.728794209706672191e+00,1.931480559302109157e+01,-2.329306516409575423e+00,3.000000000000000000e+00
-1.268848621612264083e+00,1.727271815328969495e+01,-2.518910917709920483e+00,3.000000000000000000e+00
-1.958616158956025366e+00,1.976189841208451980e+01,2.979508739452105814e-01,3.000000000000000000e+00
-1.075114594821231506e-01,1.071020993326377990e+01,-1.177016006585523300e+00,3.000000000000000000e+00
-7.413520280801604301e-01,1.539906095549600451e+01,-2.459989749393771241e+00,3.000000000000000000e+00
-3.033550604389896321e+00,1.709607941250415664e+01,-1.206004282430622965e+00,3.000000000000000000e+00
-3.478865460957436540e-02,8.659017951930920276e+00,-5.713689111931330444e-01,3.000000000000000000e+00
-1.999074133516162810e+00,1.222749674703816858e+01,-2.205595202679523581e+00,3.000000000000000000e+00
2.770971076343498041e-01,1.798172887605155879e+01,2.807052564329363342e+00,3.000000000000000000e+00
3.615875400279033869e-01,1.786697126752034848e+01,-3.078943176778996538e+00,3.000000000000000000e+00
1.436847464416540987e+00,2.014093338411376521e+01,-5.578891782264543409e-01,3.000000000000000000e+00
-1.621512910155482601e-01,1.967677251613196887e+01,-2.731583714249392614e+00,3.000000000000000000e+00
-1.618638969994645294e+00,1.580961911373479900e+01,-1.172380210009945856e+00,3.000000000000000000e+00
-2.159696552693535665e+00,2.033343734557410443e+01,-8.550053325096254042e-01,3.000000000000000000e+00
-3.454042160964645447e-01,1.975172587116531275e+01,7.344264630699823826e-01,3.000000000000000000e+00
1.776517531327371557e+00,1.619945657605302003e+01,9.850377386014050884e-01,3.000000000000000000e+00
-1.185207519889487138e+00,2.018126740978184586e+01,-1.713373005036227248e+00,3.000000000000000000e+00
5.602626274772033454e-01,2.276246301114355219e+01,-2.009016493943608594e+00,3.000000000000000000e+00
-8.501783150805541922e-01,2.151530446140501240e+01,1.222223012569604528e+00,3.000000000000000000e+00
-3.263379660662213411e-01,9.625313411868408053e+00,-1.759894925505204988e+00,3.000000000000000000e+00
1.298470042723690376e+00,1.013661488886108053e+01,1.018042107930457796e+00,3.000000000000000000e+00
-3.154930847194668431e+00,1.924152645316408794e+01,1.010619435450919035e+00,3.000000000000000000e+00
1.700098122042216886e+00,1.292843226253601863e+01,-1.145254981326537802e+00,3.000000000000000000e+00
-3.337066105049698805e+00,1.257467875253149714e+01,-1.224848274995950170e+00,3.000000000000000000e+00
1.136085300822928801e+00,1.865821509077172635e+01,-1.204595984123215224e+00,3.000000000000000000e+00
-1.997014833400752920e+00,1.648169168541241802e+01,3.418998905465482352e+00,3.000000000000000000e+00
-1.937056685023063274e+00,1.450508696350929583e+01,2.102137114309342358e+00,3.000000000000000000e+00
-3.248815125470434495e-01,1.313213876082343212e+01,1.292059913153669193e+00,3.000000000000000000e+00
1.405524428232213019e+00,1.298087496028118260e+01,3.264396334254981547e+00,3.000000000000000000e+00
-1.797935592043202746e-01,1.223524265455149340e+01,-2.131131836215670816e+00,3.000000000000000000e+00
3.899649425762317989e+00,1.436032493598490767e+01,5.710805230204751837e-02,3.000000000000000000e+00
9.302522896929739105e-01,2.109972104852182895e+01,2.357632473098635550e+00,3.000000000000000000e+00
3.149489263863521238e+00,1.652523027413449341e+01,2.433711617266468785e+00,3.000000000000000000e+00
1.666767852840616904e+00,1.898440986739224456e+01,2.208036310341757513e+00,3.000000000000000000e+00
-2.461175431047424311e+00,2.143759097196897301e+01,-2.888572289054200937e-01,3.000000000000000000e+00
-1.792905396003334317e+00,1.418579558480720770e+01,-3.229827436064193869e+00,3.000000000000000000e+00
-2.117062136223526458e+00,1.305222563120866930e+01,4.506105146779946224e-01,3.000000000000000000e+00
-2.558137753348165511e+00,1.576450469444235125e+01,1.359684163611137642e+00,3.000000000000000000e+00
1.603600599490255796e+00,1.720914421993199284e+01,-2.984904653081649428e+00,3.000000000000000000e+00
-1.573794138959299538e+00,2.051328951716410387e+01,1.177526852173397920e+00,3.000000000000000000e+00
4.270041956487400370e-01,1.502588595329874366e+01,-3.376986065679687954e+00,3.000000000000000000e+00
2.500190000355728692e+00,1.339659702761737847e+01,1.791977759998921726e-01,3.000000000000000000e+00
-3.142257089253845059e+00,1.568529401005639201e+01,1.222339600845421259e-01,3.000000000000000000e+00
-1.903092077988948638e+00,2.103371506013384362e+01,2.199487116800812991e+00,3.000000000000000000e+00
2.569924296887227122e+00,2.104526360492160109e+01,1.467928163473255054e+00,3.000000000000000000e+00
1.695317400000988961e+00,1.222300306981309426e+01,-2.533143412997726607e+00,3.000000000000000000e+00
-1.986747029714954316e+00,1.671299265900292497e+01,-1.826773616839230563e+00,3.000000000000000000e+00
1.331539407232695815e+00,1.124948554703337500e+01,9.385142205508012481e-01,3.000000000000000000e+00
-7.946405523073405419e-01,1.369959589713112713e+01,-3.562372921248752711e+00,3.000000000000000000e+00
3.258515164184654367e-01,1.270833883379726359e+01,-3.036300960047688235e+00,3.000000000000000000e+00
2.080786831204377130e+00,1.688127067272185400e+01,-1.374845769000701878e+00,3.000000000000000000e+00
-1.497565935161045303e+00,1.202165645598853772e+01,2.318200371052888897e+00,3.000000000000000000e+00
-1.116044056211567437e+00,9.758737559017948371e+00,2.170259273719316262e+00,3.000000000000000000e+00
1.577242050901448422e-01,1.568099955713229043e+01,3.947297460267686020e+00,3.000000000000000000e+00
1.554144290081232782e+00,1.307337997402223273e+01,1.528779103017931185e+00,3.000000000000000000e+00
-2.362303625825787456e+00,1.091765864300065836e+01,3.123665454934370089e-01,3.000000000000000000e+00
-2.836100049001577084e+00,6.520398281678784436e+00,4.000000000000000000e+00,4.000000000000000000e+00
2.814839962561578091e+00,1.161069519403725714e+00,4.000000000000000000e+00,4.000000000000000000e+00
2.814930906166772218e+00,6.759626648029171569e+00,4.000000000000000000e+00,4.000000000000000000e+00
-2.766383492616243167e+00,1.184815021847696492e+00,4.000000000000000000e+00,4.000000000000000000e+00
-6.109996327427769103e-02,7.925943158582018810e+00,4.000000000000000000e+00,4.000000000000000000e+00
3.936947927579446116e+00,3.891326659300614388e+00,4.000000000000000000e+00,4.000000000000000000e+00
-1.374206682319645267e-01,5.854797089566776691e-02,4.000000000000000000e+00,4.000000000000000000e+00
-3.717285120977424029e+00,3.927304023850540560e+00,4.000000000000000000e+00,4.000000000000000000e+00
-1.623236312984672303e+00,7.622705722975088527e+00,4.000000000000000000e+00,4.000000000000000000e+00
1.479934311921069501e+00,7.537934447140123062e+00,4.000000000000000000e+00,4.000000000000000000e+00
1.383072474905351790e+00,3.108455072081479642e-01,4.000000000000000000e+00,4.000000000000000000e+00
3.368066141493981647e+00,5.349703041020380745e+00,4.000000000000000000e+00,4.000000000000000000e+00
3.666505141370632437e+00,2.423358492775833817e+00,4.000000000000000000e+00,4.000000000000000000e+00
-3.638249612707659786e+00,2.383910298399082528e+00,4.000000000000000000e+00,4.000000000000000000e+00
-1.461656138221811396e+00,6.866805909877911063e-01,4.000000000000000000e+00,4.000000000000000000e+00
-3.481588113751230118e+00,5.301687757034011739e+00,4.000000000000000000e+00,4.000000000000000000e+00
1.997502415337082837e+00,8.907791725489193624e-01,4.000000000000000000e+00,4.000000000000000000e+00
-8.113557780960896082e-01,7.610238807898598523e+00,4.000000000000000000e+00,4.000000000000000000e+00
5.818118764399224929e-01,3.981068506640976778e-01,4.000000000000000000e+00,4.000000000000000000e+00
7.123297734046865060e-01,7.672710814489486886e+00,4.000000000000000000e+00,4.000000000000000000e+00
-3.506837192794994174e+00,3.176965104249521943e+00,4.000000000000000000e+00,4.000000000000000000e+00
3.278692757965774085e+00,6.123315561907619831e+00,4.000000000000000000e+00,4.000000000000000000e+00
3.650695197637536360e+00,4.604667592849473579e+00,4.000000000000000000e+00,4.000000000000000000e+00
2.137926667838147665e+00,7.123342123263170400e+00,4.000000000000000000e+00,4.000000000000000000e+00
-2.298279842901038705e+00,7.064261011524058276e+00,4.000000000000000000e+00,4.000000000000000000e+00
-8.841796786497102545e-01,1.825518411946243091e-01,4.000000000000000000e+00,4.000000000000000000e+00
3.218405413882613253e+00,1.827286669664711205e+00,4.000000000000000000e+00,4.000000000000000000e+00
3.855924682350201138e+00,3.142498623813270164e+00,4.000000000000000000e+00,4.000000000000000000e+00
-3.112058204054968691e+00,1.866481207337035819e+00,4.000000000000000000e+00,4.000000000000000000e+00
-3.316790270339348368e+00,6.004574552447201619e+00,4.000000000000000000e+00,4.000000000000000000e+00
-2.162844179704454639e+00,7.340291808904728654e-01,4.000000000000000000e+00,4.000000000000000000e+00
-3.654844740982668760e+00,4.651632821790128602e+00,4.000000000000000000e+00,4.000000000000000000e+00
2.761924587919256879e+00,1.650605775511724715e+00,4.000000000000000000e+00,4.000000000000000000e+00
3.863959126132145983e-01,7.979342307984711447e+00,4.000000000000000000e+00,4.000000000000000000e+00
-1.215452241240739362e+00,7.422843948783880208e+00,4.000000000000000000e+00,4.000000000000000000e+00
-1.903403551161012786e+00,7.284224354275128377e+00,4.000000000000000000e+00,4.000000000000000000e+00
2.377639006859733506e+00,1.183266171570940273e+00,4.000000000000000000e+00,4.000000000000000000e+00
-3.857901830225351603e+00,3.429716132791605254e+00,4.000000000000000000e+00,4.000000000000000000e+00
3.547323059035793591e+00,5.788395006449130520e+00,4.000000000000000000e+00,4.000000000000000000e+00
3.611318254096872238e+00,4.169280958763470046e+00,4.000000000000000000e+00,4.000000000000000000e+00
9.501930836941090419e-01,1.827767353263300976e-01,4.000000000000000000e+00,4.000000000000000000e+00
-3.422185947908062964e+00,2.761058562371268010e+00,4.000000000000000000e+00,4.000000000000000000e+00
3.474915997805535284e+00,2.794388524868471002e+00,4.000000000000000000e+00,4.000000000000000000e+00
-3.993085558553808312e-01,7.660219587752800763e+00,4.000000000000000000e+00,4.000000000000000000e+00
-2.446154245259863025e+00,6.661864021200736730e+00,4.000000000000000000e+00,4.000000000000000000e+00
1.739142289802542152e-01,3.935367004910848010e-01,4.000000000000000000e+00,4.000000000000000000e+00
-3.927504686652163457e+00,4.273576882465059512e+00,4.000000000000000000e+00,4.000000000000000000e+00
-3.245407107546288472e+00,2.248834674178095128e+00,4.000000000000000000e+00,4.000000000000000000e+00
2.988200891221052480e+00,6.405312112904289812e+00,4.000000000000000000e+00,4.000000000000000000e+00
1.790980612032391228e+00,5.553599320466231504e-01,4.000000000000000000e+00,4.000000000000000000e+00
